Workbook

Sheet MainData
A1: 學校代碼 | B1: 縣市名稱 | C1: school_name | D1: region | E1: remote_area_level | F1: count_111 | G1: count_113 | H1: change_rate | I1: change_category | J1: is_below_median | K1: 全體中位數
A2: 400144 | B2: 臺北市 | C2: 國立臺灣戲曲學院附設高職部 | D2: =VLOOKUP(B2, Mapping!$A:$B, 2, FALSE) -> 北部 | E2: =IFERROR(VLOOKUP(A2, '113_Faraway'!$A:$C, 3,FALSE),"非偏遠") -> 非偏遠 | F2: =VLOOKUP(A2, '111_Raw'!$B:$D,3,FALSE) -> 372 | G2: =VLOOKUP(A2, '113_Raw'!$B:$D,3,FALSE) -> 313 | H2: =ROUND((G2-F2)/F2,3) -> -0.159 | I2: =IF(H2>=0,"穩定或成長",IF(H2>-0.05,"小幅下降","明顯下降")) -> 明顯下降 | J2: =IF(H2 < $K$2, TRUE, FALSE) -> TRUE | K2: =MEDIAN(H:H) -> -0.015
A3: 140222 | B3: 臺東縣 | C3: 國立臺東專科學校附設高職部 | D3: =VLOOKUP(B3, Mapping!$A:$B, 2, FALSE) -> 東部 | E3: =IFERROR(VLOOKUP(A3, '113_Faraway'!$A:$C, 3,FALSE),"非偏遠") -> 非偏遠 | F3: =VLOOKUP(A3, '111_Raw'!$B:$D,3,FALSE) -> 763 | G3: =VLOOKUP(A3, '113_Raw'!$B:$D,3,FALSE) -> 722 | H3: =ROUND((G3-F3)/F3,3) -> -0.054 | I3: =IF(H3>=0,"穩定或成長",IF(H3>-0.05,"小幅下降","明顯下降")) -> 明顯下降 | J3: =IF(H3 < $K$2, TRUE, FALSE) -> TRUE
A4: 10301 | B4: 新北市 | C4: 國立華僑高級中等學校 | D4: =VLOOKUP(B4, Mapping!$A:$B, 2, FALSE) -> 北部 | E4: =IFERROR(VLOOKUP(A4, '113_Faraway'!$A:$C, 3,FALSE),"非偏遠") -> 非偏遠 | F4: =VLOOKUP(A4, '111_Raw'!$B:$D,3,FALSE) -> 1503 | G4: =VLOOKUP(A4, '113_Raw'!$B:$D,3,FALSE) -> 1528 | H4: =ROUND((G4-F4)/F4,3) -> 0.017 | I4: =IF(H4>=0,"穩定或成長",IF(H4>-0.05,"小幅下降","明顯下降")) -> 穩定或成長 | J4: =IF(H4 < $K$2, TRUE, FALSE) -> FALSE
A5: 11301 | B5: 新北市 | C5: 私立淡江高中 | D5: =VLOOKUP(B5, Mapping!$A:$B, 2, FALSE) -> 北部 | E5: =IFERROR(VLOOKUP(A5, '113_Faraway'!$A:$C, 3,FALSE),"非偏遠") -> 非偏遠 | F5: =VLOOKUP(A5, '111_Raw'!$B:$D,3,FALSE) -> 898 | G5: =VLOOKUP(A5, '113_Raw'!$B:$D,3,FALSE) -> 998 | H5: =ROUND((G5-F5)/F5,3) -> 0.111 | I5: =IF(H5>=0,"穩定或成長",IF(H5>-0.05,"小幅下降","明顯下降")) -> 穩定或成長 | J5: =IF(H5 < $K$2, TRUE, FALSE) -> FALSE
A6: 11302 | B6: 新北市 | C6: 私立康橋高中 | D6: =VLOOKUP(B6, Mapping!$A:$B, 2, FALSE) -> 北部 | E6: =IFERROR(VLOOKUP(A6, '113_Faraway'!$A:$C, 3,FALSE),"非偏遠") -> 非偏遠 | F6: =VLOOKUP(A6, '111_Raw'!$B:$D,3,FALSE) -> 885 | G6: =VLOOKUP(A6, '113_Raw'!$B:$D,3,FALSE) -> 913 | H6: =ROUND((G6-F6)/F6,3) -> 0.032 | I6: =IF(H6>=0,"穩定或成長",IF(H6>-0.05,"小幅下降","明顯下降")) -> 穩定或成長 | J6: =IF(H6 < $K$2, TRUE, FALSE) -> FALSE
A7: 11306 | B7: 新北市 | C7: 私立金陵女中 | D7: =VLOOKUP(B7, Mapping!$A:$B, 2, FALSE) -> 北部 | E7: =IFERROR(VLOOKUP(A7, '113_Faraway'!$A:$C, 3,FALSE),"非偏遠") -> 非偏遠 | F7: =VLOOKUP(A7, '111_Raw'!$B:$D,3,FALSE) -> 743 | G7: =VLOOKUP(A7, '113_Raw'!$B:$D,3,FALSE) -> 665 | H7: =ROUND((G7-F7)/F7,3) -> -0.105 | I7: =IF(H7>=0,"穩定或成長",IF(H7>-0.05,"小幅下降","明顯下降")) -> 明顯下降 | J7: =IF(H7 < $K$2, TRUE, FALSE) -> TRUE
A8: 11307 | B8: 新北市 | C8: 新北市裕德高級中等學校 | D8: =VLOOKUP(B8, Mapping!$A:$B, 2, FALSE) -> 北部 | E8: =IFERROR(VLOOKUP(A8, '113_Faraway'!$A:$C, 3,FALSE),"非偏遠") -> 非偏遠 | F8: =VLOOKUP(A8, '111_Raw'!$B:$D,3,FALSE) -> 173 | G8: =VLOOKUP(A8, '113_Raw'!$B:$D,3,FALSE) -> 190 | H8: =ROUND((G8-F8)/F8,3) -> 0.098 | I8: =IF(H8>=0,"穩定或成長",IF(H8>-0.05,"小幅下降","明顯下降")) -> 穩定或成長 | J8: =IF(H8 < $K$2, TRUE, FALSE) -> FALSE
A9: 11309 | B9: 新北市 | C9: 財團法人南山高中 | D9: =VLOOKUP(B9, Mapping!$A:$B, 2, FALSE) -> 北部 | E9: =IFERROR(VLOOKUP(A9, '113_Faraway'!$A:$C, 3,FALSE),"非偏遠") -> 非偏遠 | F9: =VLOOKUP(A9, '111_Raw'!$B:$D,3,FALSE) -> 1620 | G9: =VLOOKUP(A9, '113_Raw'!$B:$D,3,FALSE) -> 1584 | H9: =ROUND((G9-F9)/F9,3) -> -0.022 | I9: =IF(H9>=0,"穩定或成長",IF(H9>-0.05,"小幅下降","明顯下降")) -> 小幅下降 | J9: =IF(H9 < $K$2, TRUE, FALSE) -> TRUE
A10: 11310 | B10: 新北市 | C10: 財團法人恆毅高中 | D10: =VLOOKUP(B10, Mapping!$A:$B, 2, FALSE) -> 北部 | E10: =IFERROR(VLOOKUP(A10, '113_Faraway'!$A:$C, 3,FALSE),"非偏遠") -> 非偏遠 | F10: =VLOOKUP(A10, '111_Raw'!$B:$D,3,FALSE) -> 867 | G10: =VLOOKUP(A10, '113_Raw'!$B:$D,3,FALSE) -> 927 | H10: =ROUND((G10-F10)/F10,3) -> 0.069 | I10: =IF(H10>=0,"穩定或成長",IF(H10>-0.05,"小幅下降","明顯下降")) -> 穩定或成長 | J10: =IF(H10 < $K$2, TRUE, FALSE) -> FALSE
A11: 11311 | B11: 新北市 | C11: 私立聖心女中 | D11: =VLOOKUP(B11, Mapping!$A:$B, 2, FALSE) -> 北部 | E11: =IFERROR(VLOOKUP(A11, '113_Faraway'!$A:$C, 3,FALSE),"非偏遠") -> 非偏遠 | F11: =VLOOKUP(A11, '111_Raw'!$B:$D,3,FALSE) -> 370 | G11: =VLOOKUP(A11, '113_Raw'!$B:$D,3,FALSE) -> 362 | H11: =ROUND((G11-F11)/F11,3) -> -0.022 | I11: =IF(H11>=0,"穩定或成長",IF(H11>-0.05,"小幅下降","明顯下降")) -> 小幅下降 | J11: =IF(H11 < $K$2, TRUE, FALSE) -> TRUE
A12: 11312 | B12: 新北市 | C12: 私立崇義高中 | D12: =VLOOKUP(B12, Mapping!$A:$B, 2, FALSE) -> 北部 | E12: =IFERROR(VLOOKUP(A12, '113_Faraway'!$A:$C, 3,FALSE),"非偏遠") -> 非偏遠 | F12: =VLOOKUP(A12, '111_Raw'!$B:$D,3,FALSE) -> 141 | G12: =VLOOKUP(A12, '113_Raw'!$B:$D,3,FALSE) -> 128 | H12: =ROUND((G12-F12)/F12,3) -> -0.092 | I12: =IF(H12>=0,"穩定或成長",IF(H12>-0.05,"小幅下降","明顯下降")) -> 明顯下降 | J12: =IF(H12 < $K$2, TRUE, FALSE) -> TRUE
A13: 11315 | B13: 新北市 | C13: 私立東海高中 | D13: =VLOOKUP(B13, Mapping!$A:$B, 2, FALSE) -> 北部 | E13: =IFERROR(VLOOKUP(A13, '113_Faraway'!$A:$C, 3,FALSE),"非偏遠") -> 非偏遠 | F13: =VLOOKUP(A13, '111_Raw'!$B:$D,3,FALSE) -> 552 | G13: =VLOOKUP(A13, '113_Raw'!$B:$D,3,FALSE) -> 589 | H13: =ROUND((G13-F13)/F13,3) -> 0.067 | I13: =IF(H13>=0,"穩定或成長",IF(H13>-0.05,"小幅下降","明顯下降")) -> 穩定或成長 | J13: =IF(H13 < $K$2, TRUE, FALSE) -> FALSE
A14: 11316 | B14: 新北市 | C14: 私立格致高中 | D14: =VLOOKUP(B14, Mapping!$A:$B, 2, FALSE) -> 北部 | E14: =IFERROR(VLOOKUP(A14, '113_Faraway'!$A:$C, 3,FALSE),"非偏遠") -> 非偏遠 | F14: =VLOOKUP(A14, '111_Raw'!$B:$D,3,FALSE) -> 636 | G14: =VLOOKUP(A14, '113_Raw'!$B:$D,3,FALSE) -> 470 | H14: =ROUND((G14-F14)/F14,3) -> -0.261 | I14: =IF(H14>=0,"穩定或成長",IF(H14>-0.05,"小幅下降","明顯下降")) -> 明顯下降 | J14: =IF(H14 < $K$2, TRUE, FALSE) -> TRUE
... A508: 710401 | B508: 金門縣 | C508: 國立金門農工 | D508: =VLOOKUP(B508, Mapping!$A:$B, 2, FALSE) -> 離島 | E508: =IFERROR(VLOOKUP(A508, '113_Faraway'!$A:$C, 3,FALSE),"非偏遠") -> 偏遠 | F508: =VLOOKUP(A508, '111_Raw'!$B:$D,3,FALSE) -> 851 | G508: =VLOOKUP(A508, '113_Raw'!$B:$D,3,FALSE) -> 842 | H508: =ROUND((G508-F508)/F508,3) -> -0.011 | I508: =IF(H508>=0,"穩定或成長",IF(H508>-0.05,"小幅下降","明顯下降")) -> 小幅下降 | J508: =IF(H508 < $K$2, TRUE, FALSE) -> FALSE
A509: 351B09 | B509: 臺北市 | C509: 私立南華高中進修學校 | D509: =VLOOKUP(B509, Mapping!$A:$B, 2, FALSE) -> 北部 | E509: =IFERROR(VLOOKUP(A509, '113_Faraway'!$A:$C, 3,FALSE),"非偏遠") -> 非偏遠 | F509: =VLOOKUP(A509, '111_Raw'!$B:$D,3,FALSE) -> 470 | G509: =VLOOKUP(A509, '113_Raw'!$B:$D,3,FALSE) -> 479 | H509: =ROUND((G509-F509)/F509,3) -> 0.019 | I509: =IF(H509>=0,"穩定或成長",IF(H509>-0.05,"小幅下降","明顯下降")) -> 穩定或成長 | J509: =IF(H509 < $K$2, TRUE, FALSE) -> FALSE
A510: 361B09 | B510: 臺北市 | C510: 私立志仁中學進修學校 | D510: =VLOOKUP(B510, Mapping!$A:$B, 2, FALSE) -> 北部 | E510: =IFERROR(VLOOKUP(A510, '113_Faraway'!$A:$C, 3,FALSE),"非偏遠") -> 非偏遠 | F510: =VLOOKUP(A510, '111_Raw'!$B:$D,3,FALSE) -> 1328 | G510: =VLOOKUP(A510, '113_Raw'!$B:$D,3,FALSE) -> 1243 | H510: =ROUND((G510-F510)/F510,3) -> -0.064 | I510: =IF(H510>=0,"穩定或成長",IF(H510>-0.05,"小幅下降","明顯下降")) -> 明顯下降 | J510: =IF(H510 < $K$2, TRUE, FALSE) -> TRUE
A511: 011C71 | B511: 新北市 | C511: 私立光華高商進修學校 | D511: =VLOOKUP(B511, Mapping!$A:$B, 2, FALSE) -> 北部 | E511: =IFERROR(VLOOKUP(A511, '113_Faraway'!$A:$C, 3,FALSE),"非偏遠") -> 非偏遠 | F511: =VLOOKUP(A511, '111_Raw'!$B:$D,3,FALSE) -> 435 | G511: =VLOOKUP(A511, '113_Raw'!$B:$D,3,FALSE) -> 458 | H511: =ROUND((G511-F511)/F511,3) -> 0.053 | I511: =IF(H511>=0,"穩定或成長",IF(H511>-0.05,"小幅下降","明顯下降")) -> 穩定或成長 | J511: =IF(H511 < $K$2, TRUE, FALSE) -> FALSE
A512: 070F01 | B512: 彰化縣 | C512: 國立和美實驗學校 | D512: =VLOOKUP(B512, Mapping!$A:$B, 2, FALSE) -> 中部 | E512: =IFERROR(VLOOKUP(A512, '113_Faraway'!$A:$C, 3,FALSE),"非偏遠") -> 非偏遠 | F512: =VLOOKUP(A512, '111_Raw'!$B:$D,3,FALSE) -> 355 | G512: =VLOOKUP(A512, '113_Raw'!$B:$D,3,FALSE) -> 349 | H512: =ROUND((G512-F512)/F512,3) -> -0.017 | I512: =IF(H512>=0,"穩定或成長",IF(H512>-0.05,"小幅下降","明顯下降")) -> 小幅下降 | J512: =IF(H512 < $K$2, TRUE, FALSE) -> TRUE
A513: 543F01 | B513: 高雄市 | C513: 市立楠梓特殊學校 | D513: =VLOOKUP(B513, Mapping!$A:$B, 2, FALSE) -> 南部 | E513: =IFERROR(VLOOKUP(A513, '113_Faraway'!$A:$C, 3,FALSE),"非偏遠") -> 非偏遠 | F513: =VLOOKUP(A513, '111_Raw'!$B:$D,3,FALSE) -> 8 | G513: =VLOOKUP(A513, '113_Raw'!$B:$D,3,FALSE) -> 19 | H513: =ROUND((G513-F513)/F513,3) -> 1.375 | I513: =IF(H513>=0,"穩定或成長",IF(H513>-0.05,"小幅下降","明顯下降")) -> 穩定或成長 | J513: =IF(H513 < $K$2, TRUE, FALSE) -> FALSE
A514: 031G91 | B514: 桃園市 | C514: 私立宏德高商進修學校 | D514: =VLOOKUP(B514, Mapping!$A:$B, 2, FALSE) -> 北部 | E514: =IFERROR(VLOOKUP(A514, '113_Faraway'!$A:$C, 3,FALSE),"非偏遠") -> 非偏遠 | F514: =VLOOKUP(A514, '111_Raw'!$B:$D,3,FALSE) -> 99 | G514: =VLOOKUP(A514, '113_Raw'!$B:$D,3,FALSE) -> 96 | H514: =ROUND((G514-F514)/F514,3) -> -0.03 | I514: =IF(H514>=0,"穩定或成長",IF(H514>-0.05,"小幅下降","明顯下降")) -> 小幅下降 | J514: =IF(H514 < $K$2, TRUE, FALSE) -> TRUE
A515: 070G92 | B515: 彰化縣 | C515: 國立二林工商進校分校 | D515: =VLOOKUP(B515, Mapping!$A:$B, 2, FALSE) -> 中部 | E515: =IFERROR(VLOOKUP(A515, '113_Faraway'!$A:$C, 3,FALSE),"非偏遠") -> 非偏遠 | F515: =VLOOKUP(A515, '111_Raw'!$B:$D,3,FALSE) -> 13 | G515: =VLOOKUP(A515, '113_Raw'!$B:$D,3,FALSE) -> 15 | H515: =ROUND((G515-F515)/F515,3) -> 0.154 | I515: =IF(H515>=0,"穩定或成長",IF(H515>-0.05,"小幅下降","明顯下降")) -> 穩定或成長 | J515: =IF(H515 < $K$2, TRUE, FALSE) -> FALSE
A516: 111G91 | B516: 臺南市 | C516: 私立樹德高中進修學校 | D516: =VLOOKUP(B516, Mapping!$A:$B, 2, FALSE) -> 南部 | E516: =IFERROR(VLOOKUP(A516, '113_Faraway'!$A:$C, 3,FALSE),"非偏遠") -> 非偏遠 | F516: =VLOOKUP(A516, '111_Raw'!$B:$D,3,FALSE) -> 79 | G516: =VLOOKUP(A516, '113_Raw'!$B:$D,3,FALSE) -> 67 | H516: =ROUND((G516-F516)/F516,3) -> -0.152 | I516: =IF(H516>=0,"穩定或成長",IF(H516>-0.05,"小幅下降","明顯下降")) -> 明顯下降 | J516: =IF(H516 < $K$2, TRUE, FALSE) -> TRUE
A517: 151G91 | B517: 花蓮縣 | C517: 私立正德高中進修學校 | D517: =VLOOKUP(B517, Mapping!$A:$B, 2, FALSE) -> 東部 | E517: =IFERROR(VLOOKUP(A517, '113_Faraway'!$A:$C, 3,FALSE),"非偏遠") -> 非偏遠 | F517: =VLOOKUP(A517, '111_Raw'!$B:$D,3,FALSE) -> 62 | G517: =VLOOKUP(A517, '113_Raw'!$B:$D,3,FALSE) -> 48 | H517: =ROUND((G517-F517)/F517,3) -> -0.226 | I517: =IF(H517>=0,"穩定或成長",IF(H517>-0.05,"小幅下降","明顯下降")) -> 明顯下降 | J517: =IF(H517 < $K$2, TRUE, FALSE) -> TRUE
A518: 03C301 | B518: 桃園市 | C518: 敦品中學 | D518: =VLOOKUP(B518, Mapping!$A:$B, 2, FALSE) -> 北部 | E518: =IFERROR(VLOOKUP(A518, '113_Faraway'!$A:$C, 3,FALSE),"非偏遠") -> 非偏遠 | F518: =VLOOKUP(A518, '111_Raw'!$B:$D,3,FALSE) -> 135 | G518: =VLOOKUP(A518, '113_Raw'!$B:$D,3,FALSE) -> 135 | H518: =ROUND((G518-F518)/F518,3) -> 0 | I518: =IF(H518>=0,"穩定或成長",IF(H518>-0.05,"小幅下降","明顯下降")) -> 穩定或成長 | J518: =IF(H518 < $K$2, TRUE, FALSE) -> FALSE
A519: 04C301 | B519: 新竹縣 | C519: 誠正中學 | D519: =VLOOKUP(B519, Mapping!$A:$B, 2, FALSE) -> 北部 | E519: =IFERROR(VLOOKUP(A519, '113_Faraway'!$A:$C, 3,FALSE),"非偏遠") -> 非偏遠 | F519: =VLOOKUP(A519, '111_Raw'!$B:$D,3,FALSE) -> 173 | G519: =VLOOKUP(A519, '113_Raw'!$B:$D,3,FALSE) -> 206 | H519: =ROUND((G519-F519)/F519,3) -> 0.191 | I519: =IF(H519>=0,"穩定或成長",IF(H519>-0.05,"小幅下降","明顯下降")) -> 穩定或成長 | J519: =IF(H519 < $K$2, TRUE, FALSE) -> FALSE
A520: 07C301 | B520: 彰化縣 | C520: 勵志中學 | D520: =VLOOKUP(B520, Mapping!$A:$B, 2, FALSE) -> 中部 | E520: =IFERROR(VLOOKUP(A520, '113_Faraway'!$A:$C, 3,FALSE),"非偏遠") -> 非偏遠 | F520: =VLOOKUP(A520, '111_Raw'!$B:$D,3,FALSE) -> 194 | G520: =VLOOKUP(A520, '113_Raw'!$B:$D,3,FALSE) -> 260 | H520: =ROUND((G520-F520)/F520,3) -> 0.34 | I520: =IF(H520>=0,"穩定或成長",IF(H520>-0.05,"小幅下降","明顯下降")) -> 穩定或成長 | J520: =IF(H520 < $K$2, TRUE, FALSE) -> FALSE
A521: 12C301 | B521: 高雄市 | C521: 明陽中學 | D521: =VLOOKUP(B521, Mapping!$A:$B, 2, FALSE) -> 南部 | E521: =IFERROR(VLOOKUP(A521, '113_Faraway'!$A:$C, 3,FALSE),"非偏遠") -> 非偏遠 | F521: =VLOOKUP(A521, '111_Raw'!$B:$D,3,FALSE) -> 104 | G521: =VLOOKUP(A521, '113_Raw'!$B:$D,3,FALSE) -> 88 | H521: =ROUND((G521-F521)/F521,3) -> -0.154 | I521: =IF(H521>=0,"穩定或成長",IF(H521>-0.05,"小幅下降","明顯下降")) -> 明顯下降 | J521: =IF(H521 < $K$2, TRUE, FALSE) -> TRUE

Sheet 111_Raw
A1: 縣市名稱 | B1: 學校代碼 | C1: 學校名稱 | D1: 學生數
A2: 臺北市 | B2: 400144 | C2: 國立臺灣戲曲學院附設高職部 | D2: 372
A3: 臺東縣 | B3: 140222 | C3: 國立臺東專科學校附設高職部 | D3: 763
A4: 新北市 | B4: 10301 | C4: 國立華僑高級中等學校 | D4: 1503
A5: 新北市 | B5: 11301 | C5: 私立淡江高中 | D5: 898
A6: 新北市 | B6: 11302 | C6: 私立康橋高中 | D6: 885
A7: 新北市 | B7: 11306 | C7: 私立金陵女中 | D7: 743
A8: 新北市 | B8: 11307 | C8: 新北市裕德高級中等學校 | D8: 173
A9: 新北市 | B9: 11309 | C9: 財團法人南山高中 | D9: 1620
A10: 新北市 | B10: 11310 | C10: 財團法人恆毅高中 | D10: 867
A11: 新北市 | B11: 11311 | C11: 私立聖心女中 | D11: 370
A12: 新北市 | B12: 11312 | C12: 私立崇義高中 | D12: 141
A13: 新北市 | B13: 11314 | C13: 新北市福瑞斯特高中 | D13: 0
... A516: 金門縣 | B516: 710401 | C516: 國立金門農工 | D516: 851
A517: 臺北市 | B517: 351B09 | C517: 私立南華高中進修學校 | D517: 470
A518: 臺北市 | B518: 361B09 | C518: 私立志仁中學進修學校 | D518: 1328
A519: 新北市 | B519: 011C71 | C519: 私立光華高商進修學校 | D519: 435
A520: 臺南市 | B520: 210C01 | C520: 國立成功大學附設高工進修學校 | D520: 202
A521: 彰化縣 | B521: 070F01 | C521: 國立和美實驗學校 | D521: 355
A522: 高雄市 | B522: 543F01 | C522: 市立楠梓特殊學校 | D522: 8
A523: 桃園市 | B523: 031G91 | C523: 私立宏德高商進修學校 | D523: 99
A524: 彰化縣 | B524: 070G92 | C524: 國立二林工商進校分校 | D524: 13
A525: 臺南市 | B525: 111G91 | C525: 私立樹德高中進修學校 | D525: 79
A526: 花蓮縣 | B526: 151G91 | C526: 私立正德高中進修學校 | D526: 62
A527: 桃園市 | B527: 03C301 | C527: 敦品中學 | D527: 135
A528: 新竹縣 | B528: 04C301 | C528: 誠正中學 | D528: 173
... A530: 高雄市 | B530: 12C301 | C530: 明陽中學 | D530: 104

Sheet 113_Raw
A1: 縣市名稱 | B1: 學校代碼 | C1: 學校名稱 | D1: 學生數
A2: 臺北市 | B2: 400144 | C2: 國立臺灣戲曲學院附設高職部 | D2: 313
A3: 臺東縣 | B3: 140222 | C3: 國立臺東專科學校附設高職部 | D3: 722
A4: 新北市 | B4: 10301 | C4: 國立華僑高級中等學校 | D4: 1528
A5: 新北市 | B5: 11301 | C5: 私立淡江高中 | D5: 998
A6: 新北市 | B6: 11302 | C6: 私立康橋高中 | D6: 913
A7: 新北市 | B7: 11306 | C7: 私立金陵女中 | D7: 665
A8: 新北市 | B8: 11307 | C8: 新北市裕德高級中等學校 | D8: 190
A9: 新北市 | B9: 11309 | C9: 財團法人南山高中 | D9: 1584
A10: 新北市 | B10: 11310 | C10: 財團法人恆毅高中 | D10: 927
A11: 新北市 | B11: 11311 | C11: 私立聖心女中 | D11: 362
A12: 新北市 | B12: 11312 | C12: 私立崇義高中 | D12: 128
A13: 新北市 | B13: 11314 | C13: 新北市福瑞斯特高中 | D13: 0
... A513: 金門縣 | B513: 710401 | C513: 國立金門農工 | D513: 842
A514: 臺北市 | B514: 351B09 | C514: 私立南華高中進修學校 | D514: 479
A515: 臺北市 | B515: 361B09 | C515: 私立志仁中學進修學校 | D515: 1243
A516: 新北市 | B516: 011C71 | C516: 私立光華高商進修學校 | D516: 458
A517: 彰化縣 | B517: 070F01 | C517: 國立和美實驗學校 | D517: 349
A518: 高雄市 | B518: 543F01 | C518: 市立楠梓特殊學校 | D518: 19
A519: 桃園市 | B519: 031G91 | C519: 私立宏德高商進修學校 | D519: 96
A520: 彰化縣 | B520: 070G92 | C520: 國立二林工商進校分校 | D520: 15
A521: 臺南市 | B521: 111G91 | C521: 私立樹德高中進修學校 | D521: 67
A522: 花蓮縣 | B522: 151G91 | C522: 私立正德高中進修學校 | D522: 48
A523: 桃園市 | B523: 03C301 | C523: 敦品中學 | D523: 135
A524: 新竹縣 | B524: 04C301 | C524: 誠正中學 | D524: 206
A525: 彰化縣 | B525: 07C301 | C525: 勵志中學 | D525: 260
A526: 高雄市 | B526: 12C301 | C526: 明陽中學 | D526: 88

Sheet 111_Faraway
A1: 學校代碼 | B1: 學校名稱 | C1: 地區屬性
A2: 14338 | B2: 市立金山高中 | C2: 偏遠
A3: 14347 | B3: 市立雙溪高中 | C3: 偏遠
A4: 14348 | B4: 市立石碇高中 | C4: 偏遠
A5: 14399 | B5: 市立豐珠中學 | C5: 偏遠
A6: 24322 | B6: 縣立南澳高中 | C6: 偏遠
A7: 34348 | B7: 市立羅浮高中 | C7: 偏遠
A8: 50401 | B8: 國立大湖農工 | C8: 偏遠
A9: 80401 | B9: 國立仁愛高農 | C9: 極偏
A10: 94307 | B10: 縣立麥寮高中 | C10: 偏遠
A11: 94308 | B11: 縣立古坑華德福實驗高級中學 | C11: 特偏
A12: 94326 | B12: 縣立蔦松藝術高中 | C12: 偏遠
A13: 110314 | B13: 國立後壁高中 | C13: 偏遠
... A29: 720301 | B29: 國立馬祖高中 | C29: 偏遠

Sheet 113_Faraway
A1: 學校代碼 | B1: 學校名稱 | C1: 地區屬性
A2: 14338 | B2: 市立金山高中 | C2: 偏遠
A3: 14347 | B3: 市立雙溪高中 | C3: 偏遠
A4: 14348 | B4: 市立石碇高中 | C4: 偏遠
A5: 14399 | B5: 市立豐珠中學 | C5: 偏遠
A6: 24322 | B6: 縣立南澳高中 | C6: 偏遠
A7: 34348 | B7: 市立羅浮高中 | C7: 偏遠
A8: 50401 | B8: 國立大湖農工 | C8: 偏遠
A9: 80401 | B9: 國立仁愛高農 | C9: 極偏
A10: 94307 | B10: 縣立麥寮高中 | C10: 偏遠
A11: 94308 | B11: 縣立古坑華德福實驗高級中學 | C11: 特偏
A12: 94326 | B12: 縣立蔦松藝術高中 | C12: 偏遠
A13: 110314 | B13: 國立後壁高中 | C13: 偏遠
... A29: 720301 | B29: 國立馬祖高中 | C29: 偏遠

Sheet Mapping
A1: 縣市名稱 | B1: 地區
A2: 基隆市 | B2: 北部
A3: 臺北市 | B3: 北部
A4: 新北市 | B4: 北部
A5: 桃園市 | B5: 北部
A6: 新竹市 | B6: 北部
A7: 新竹縣 | B7: 北部
A8: 宜蘭縣 | B8: 北部
A9: 苗栗縣 | B9: 中部
A10: 臺中市 | B10: 中部
A11: 彰化縣 | B11: 中部
A12: 南投縣 | B12: 中部
... A23: 澎湖縣 | B23: 離島

Sheet Export_JSON
A1: school_name | B1: region | C1: remote_area_level | D1: count_111 | E1: count_113 | F1: change_rate | G1: change_category | H1: is_below_median
A2: 國立臺灣戲曲學院附設高職部 | B2: 北部 | C2: 非偏遠 | D2: 372 | E2: 313 | F2: -0.159 | G2: 明顯下降 | H2: TRUE
A3: 國立臺東專科學校附設高職部 | B3: 東部 | C3: 非偏遠 | D3: 763 | E3: 722 | F3: -0.054 | G3: 明顯下降 | H3: TRUE
A4: 國立華僑高級中等學校 | B4: 北部 | C4: 非偏遠 | D4: 1503 | E4: 1528 | F4: 0.017 | G4: 穩定或成長 | H4: FALSE
A5: 私立淡江高中 | B5: 北部 | C5: 非偏遠 | D5: 898 | E5: 998 | F5: 0.111 | G5: 穩定或成長 | H5: FALSE
A6: 私立康橋高中 | B6: 北部 | C6: 非偏遠 | D6: 885 | E6: 913 | F6: 0.032 | G6: 穩定或成長 | H6: FALSE
A7: 私立金陵女中 | B7: 北部 | C7: 非偏遠 | D7: 743 | E7: 665 | F7: -0.105 | G7: 明顯下降 | H7: TRUE
A8: 新北市裕德高級中等學校 | B8: 北部 | C8: 非偏遠 | D8: 173 | E8: 190 | F8: 0.098 | G8: 穩定或成長 | H8: FALSE
A9: 財團法人南山高中 | B9: 北部 | C9: 非偏遠 | D9: 1620 | E9: 1584 | F9: -0.022 | G9: 小幅下降 | H9: TRUE
A10: 財團法人恆毅高中 | B10: 北部 | C10: 非偏遠 | D10: 867 | E10: 927 | F10: 0.069 | G10: 穩定或成長 | H10: FALSE
A11: 私立聖心女中 | B11: 北部 | C11: 非偏遠 | D11: 370 | E11: 362 | F11: -0.022 | G11: 小幅下降 | H11: TRUE
A12: 私立崇義高中 | B12: 北部 | C12: 非偏遠 | D12: 141 | E12: 128 | F12: -0.092 | G12: 明顯下降 | H12: TRUE
A13: 私立東海高中 | B13: 北部 | C13: 非偏遠 | D13: 552 | E13: 589 | F13: 0.067 | G13: 穩定或成長 | H13: FALSE
... A521: 明陽中學 | B521: 南部 | C521: 非偏遠 | D521: 104 | E521: 88 | F521: -0.154 | G521: 明顯下降 | H521: TRUE
